{
  "domain": "blocks_clear",
  "n_states": 16,
  "n_actions_grounded": 11,
  "n_actions_abstract": 4,
  "abstract_actions": [
    "virtual_source_act",
    "goal",
    "putdown",
    "unstack"
  ],
  "gamma": 0.95,
  "value_iteration_iterations": 4,
  "equivalence": {
    "match": true,
    "n_match": 16,
    "n_total": 16,
    "mismatches": []
  },
  "bnn": {
    "hidden_dims": [
      32,
      64,
      32
    ],
    "epochs": 600,
    "mode": "ce"
  },
  "dqn": {
    "episodes": 500,
    "reward_mean_last100": 0.9710000000000001
  },
  "policies": {
    "policy_out": "/tridu33/SAVG/Policy4FONDRL2BNN/policies/block_clear/fond_blocks_clear_policy.out",
    "human_policy_out": "/tridu33/SAVG/Policy4FONDRL2BNN/policies/block_clear/fond_blocks_clear_human_policy.out"
  },
  "q_table_dense_argmax": {
    "(0, 0, 0, 0)": 3,
    "(0, 0, 0, 1)": 0,
    "(0, 0, 1, 0)": 1,
    "(0, 0, 1, 1)": 0,
    "(0, 1, 0, 0)": 2,
    "(0, 1, 0, 1)": 0,
    "(0, 1, 1, 0)": 1,
    "(0, 1, 1, 1)": 0,
    "(1, 0, 0, 0)": 1,
    "(1, 0, 0, 1)": 0,
    "(1, 0, 1, 0)": 1,
    "(1, 0, 1, 1)": 0,
    "(1, 1, 0, 0)": 1,
    "(1, 1, 0, 1)": 0,
    "(1, 1, 1, 0)": 2,
    "(1, 1, 1, 1)": 0
  },
  "q_table": [
    [
      0.8499999642372131,
      0.8499999642372131,
      0.8499999642372131,
      1.0
    ],
    [
      0.949999988079071,
      0.8024999499320984,
      0.8024999499320984,
      0.8024999499320984
    ],
    [
      -0.10000000149011612,
      0.0,
      -0.10000000149011612,
      -0.10000000149011612
    ],
    [
      0.0,
      0.0,
      -0.10000000149011612,
      -0.10000000149011612
    ],
    [
      0.8024999499320984,
      0.8024999499320984,
      0.949999988079071,
      0.8024999499320984
    ],
    [
      0.9024999737739563,
      0.7573749423027039,
      0.7573749423027039,
      0.7573749423027039
    ],
    [
      -0.10000000149011612,
      0.0,
      -0.10000000149011612,
      -0.10000000149011612
    ],
    [
      0.0,
      0.0,
      -0.10000000149011612,
      -0.10000000149011612
    ],
    [
      -0.10000000149011612,
      0.0,
      -0.10000000149011612,
      -0.10000000149011612
    ],
    [
      0.0,
      0.0,
      -0.10000000149011612,
      -0.10000000149011612
    ],
    [
      -0.10000000149011612,
      0.0,
      -0.10000000149011612,
      -0.10000000149011612
    ],
    [
      0.0,
      0.0,
      -0.10000000149011612,
      -0.10000000149011612
    ],
    [
      -0.10000000149011612,
      0.0,
      -0.10000000149011612,
      -0.10000000149011612
    ],
    [
      0.0,
      0.0,
      -0.10000000149011612,
      -0.10000000149011612
    ],
    [
      0.8499999642372131,
      0.0,
      1.0,
      0.8499999642372131
    ],
    [
      0.0,
      0.0,
      -0.10000000149011612,
      -0.10000000149011612
    ]
  ],
  "bnn_q_table": [
    [
      -0.6651084423065186,
      -0.515451192855835,
      -1.6061415672302246,
      2.4508132934570312
    ],
    [
      3.5348918437957764,
      -1.515451192855835,
      -1.4061415195465088,
      -1.7491869926452637
    ],
    [
      -1.2651084661483765,
      3.2845489978790283,
      -0.20614145696163177,
      -1.3491871356964111
    ],
    [
      3.5348918437957764,
      -1.515451192855835,
      -1.4061415195465088,
      -1.7491869926452637
    ],
    [
      -0.6651085615158081,
      0.284548819065094,
      2.793858766555786,
      -1.9491870403289795
    ],
    [
      3.5348918437957764,
      -1.515451192855835,
      -1.4061415195465088,
      -1.7491869926452637
    ],
    [
      -1.2651084661483765,
      3.2845489978790283,
      -0.20614145696163177,
      -1.3491871356964111
    ],
    [
      3.5348918437957764,
      -1.515451192855835,
      -1.4061415195465088,
      -1.7491869926452637
    ],
    [
      -1.2651084661483765,
      3.2845489978790283,
      -0.20614145696163177,
      -1.3491871356964111
    ],
    [
      3.5348918437957764,
      -1.515451192855835,
      -1.4061415195465088,
      -1.7491869926452637
    ],
    [
      -1.2651084661483765,
      3.2845489978790283,
      -0.20614145696163177,
      -1.3491871356964111
    ],
    [
      3.5348918437957764,
      -1.515451192855835,
      -1.4061415195465088,
      -1.7491869926452637
    ],
    [
      -1.2651084661483765,
      3.2845489978790283,
      -0.20614145696163177,
      -1.3491871356964111
    ],
    [
      3.5348918437957764,
      -1.515451192855835,
      -1.4061415195465088,
      -1.7491869926452637
    ],
    [
      -0.6651085615158081,
      0.284548819065094,
      2.793858766555786,
      -1.9491870403289795
    ],
    [
      3.5348918437957764,
      -1.515451192855835,
      -1.4061415195465088,
      -1.7491869926452637
    ]
  ]
}