{
  "domain": "blocks_clear",
  "n_states": 16,
  "n_actions_grounded": 11,
  "n_actions_abstract": 4,
  "abstract_actions": [
    "virtual_source_act",
    "goal",
    "putdown",
    "unstack"
  ],
  "gamma": 0.95,
  "value_iteration_iterations": 4,
  "equivalence": {
    "match": true,
    "n_match": 16,
    "n_total": 16,
    "mismatches": []
  },
  "bnn": {
    "hidden_dims": [
      32,
      64,
      32
    ],
    "epochs": 600,
    "mode": "ce"
  },
  "dqn": {
    "episodes": 500,
    "reward_mean_last100": 0.9710000000000001
  },
  "policies": {
    "policy_out": "/Users/mac/codes/ZERO-Starting-AI-Planning-in-PDDL-Descripted-World/src/policies/block_clear/fond_blocks_clear_policy.out",
    "human_policy_out": "/Users/mac/codes/ZERO-Starting-AI-Planning-in-PDDL-Descripted-World/src/policies/block_clear/fond_blocks_clear_human_policy.out"
  },
  "q_table_dense_argmax": {
    "(0, 0, 0, 0)": 3,
    "(0, 0, 0, 1)": 0,
    "(0, 0, 1, 0)": 1,
    "(0, 0, 1, 1)": 0,
    "(0, 1, 0, 0)": 2,
    "(0, 1, 0, 1)": 0,
    "(0, 1, 1, 0)": 1,
    "(0, 1, 1, 1)": 0,
    "(1, 0, 0, 0)": 1,
    "(1, 0, 0, 1)": 0,
    "(1, 0, 1, 0)": 1,
    "(1, 0, 1, 1)": 0,
    "(1, 1, 0, 0)": 1,
    "(1, 1, 0, 1)": 0,
    "(1, 1, 1, 0)": 2,
    "(1, 1, 1, 1)": 0
  },
  "q_table": [
    [
      0.8499999642372131,
      0.8499999642372131,
      0.8499999642372131,
      1.0
    ],
    [
      0.949999988079071,
      0.8024999499320984,
      0.8024999499320984,
      0.8024999499320984
    ],
    [
      -0.10000000149011612,
      0.0,
      -0.10000000149011612,
      -0.10000000149011612
    ],
    [
      0.0,
      0.0,
      -0.10000000149011612,
      -0.10000000149011612
    ],
    [
      0.8024999499320984,
      0.8024999499320984,
      0.949999988079071,
      0.8024999499320984
    ],
    [
      0.9024999737739563,
      0.7573749423027039,
      0.7573749423027039,
      0.7573749423027039
    ],
    [
      -0.10000000149011612,
      0.0,
      -0.10000000149011612,
      -0.10000000149011612
    ],
    [
      0.0,
      0.0,
      -0.10000000149011612,
      -0.10000000149011612
    ],
    [
      -0.10000000149011612,
      0.0,
      -0.10000000149011612,
      -0.10000000149011612
    ],
    [
      0.0,
      0.0,
      -0.10000000149011612,
      -0.10000000149011612
    ],
    [
      -0.10000000149011612,
      0.0,
      -0.10000000149011612,
      -0.10000000149011612
    ],
    [
      0.0,
      0.0,
      -0.10000000149011612,
      -0.10000000149011612
    ],
    [
      -0.10000000149011612,
      0.0,
      -0.10000000149011612,
      -0.10000000149011612
    ],
    [
      0.0,
      0.0,
      -0.10000000149011612,
      -0.10000000149011612
    ],
    [
      0.8499999642372131,
      0.0,
      1.0,
      0.8499999642372131
    ],
    [
      0.0,
      0.0,
      -0.10000000149011612,
      -0.10000000149011612
    ]
  ],
  "bnn_q_table": [
    [
      -0.4735395014286041,
      -1.3313615322113037,
      -0.52689129114151,
      2.3810648918151855
    ],
    [
      3.526460886001587,
      -0.5313615202903748,
      -1.7268913984298706,
      -1.6189353466033936
    ],
    [
      -0.2735395133495331,
      3.268638849258423,
      -1.1268913745880127,
      -2.218935489654541
    ],
    [
      3.526460886001587,
      -0.5313615202903748,
      -1.7268913984298706,
      -1.6189353466033936
    ],
    [
      -1.0735396146774292,
      -0.7313615083694458,
      2.8731088638305664,
      -1.0189353227615356
    ],
    [
      3.526460886001587,
      -0.5313615202903748,
      -1.7268913984298706,
      -1.6189353466033936
    ],
    [
      -0.2735395133495331,
      3.268638849258423,
      -1.1268913745880127,
      -2.218935489654541
    ],
    [
      3.526460886001587,
      -0.5313615202903748,
      -1.7268913984298706,
      -1.6189353466033936
    ],
    [
      -0.2735395133495331,
      3.268638849258423,
      -1.1268913745880127,
      -2.218935489654541
    ],
    [
      3.526460886001587,
      -0.5313615202903748,
      -1.7268913984298706,
      -1.6189353466033936
    ],
    [
      -0.2735395133495331,
      3.268638849258423,
      -1.1268913745880127,
      -2.218935489654541
    ],
    [
      3.526460886001587,
      -0.5313615202903748,
      -1.7268913984298706,
      -1.6189353466033936
    ],
    [
      -0.2735395133495331,
      3.268638849258423,
      -1.1268913745880127,
      -2.218935489654541
    ],
    [
      3.526460886001587,
      -0.5313615202903748,
      -1.7268913984298706,
      -1.6189353466033936
    ],
    [
      -1.0735396146774292,
      -0.7313615083694458,
      2.8731088638305664,
      -1.0189353227615356
    ],
    [
      3.526460886001587,
      -0.5313615202903748,
      -1.7268913984298706,
      -1.6189353466033936
    ]
  ]
}